Player,Season,Age
PATRICK.KANE,20152016,27
JAMIE.BENN,20152016,26
SIDNEY.CROSBY,20152016,28
JOE.THORNTON,20152016,36
ERIK.KARLSSON,20152016,25
JOE.PAVELSKI,20152016,31
JOHNNY.GAUDREAU,20152016,22
BLAKE.WHEELER,20152016,29
ARTEMI.PANARIN,20152016,24
EVGENY.KUZNETSOV,20152016,23
BRENT.BURNS,20152016,30
VLADIMIR.TARASENKO,20152016,24
ANZE.KOPITAR,20152016,28
TYLER.SEGUIN,20152016,24
ALEX.OVECHKIN,20152016,30
JOHN.TAVARES,20152016,25
NICKLAS.BACKSTROM,20152016,28
PATRICE.BERGERON,20152016,30
CLAUDE.GIROUX,20152016,28
KRIS.LETANG,20152016,28
NIKITA.KUCHEROV,20152016,22
JAROMIR.JAGR,20152016,43
TAYLOR.HALL,20152016,24
STEVEN.STAMKOS,20152016,25
FILIP.FORSBERG,20152016,21
MAX.PACIORETTY,20152016,27
KYLE.OKPOSO,20152016,27
JASON.SPEZZA,20152016,32
LOUI.ERIKSSON,20152016,30
SEAN.MONAHAN,20152016,21
DAVID.KREJCI,20152016,29
RYAN.GETZLAF,20152016,30
COREY.PERRY,20152016,30
JEFF.CARTER,20152016,31
BRAD.MARCHAND,20152016,27
MARK.SCHEIFELE,20152016,22
DANIEL.SEDIN,20152016,35
MATS.ZUCCARELLO,20152016,28
MARK.STONE,20152016,23
ROMAN.JOSI,20152016,25
WAYNE.SIMMONDS,20152016,27
RYAN.O'REILLY,20152016,24
JUSSI.JOKINEN,20152016,32
RYAN.JOHANSEN,20152016,23
MATT.DUCHENE,20152016,25
MIKE.HOFFMAN,20152016,26
ALEKSANDER.BARKOV,20152016,20
PHIL.KESSEL,20152016,28
BRAYDEN.SCHENN,20152016,24
JONATHAN.HUBERDEAU,20152016,22
JAMES.NEAL,20152016,28
TYLER.TOFFOLI,20152016,23
JONATHAN.TOEWS,20152016,27
DERICK.BRASSARD,20152016,28
EVGENI.MALKIN,20152016,29
JOHN.KLINGBERG,20152016,23
KYLE.PALMIERI,20152016,24
ALEX.GALCHENYUK,20152016,21
JACK.EICHEL,20152016,19
BOBBY.RYAN,20152016,28
MARK.GIORDANO,20152016,32
MIKKO.KOIVU,20152016,32
OLIVER.EKMAN-LARSSON,20152016,24
MILAN.LUCIC,20152016,27
PATRICK.SHARP,20152016,34
HENRIK.SEDIN,20152016,35
JAKUB.VORACEK,20152016,26
TOMAS.PLEKANEC,20152016,33
BRANDON.SAAD,20152016,23
CAM.ATKINSON,20152016,26
ZACH.PARISE,20152016,31
VINCENT.TROCHECK,20152016,22
DEREK.STEPAN,20152016,25
RYAN.KESLER,20152016,31
GABRIEL.LANDESKOG,20152016,23
DUSTIN.BYFUGLIEN,20152016,30
JUSTIN.WILLIAMS,20152016,34
NATHAN.MACKINNON,20152016,20
FRANS.NIELSEN,20152016,31
MAX.DOMI,20152016,20
ALEX.STEEN,20152016,31
JEFF.SKINNER,20152016,23
T.J..OSHIE,20152016,29
PATRIC.HORNQVIST,20152016,29
MIKA.ZIBANEJAD,20152016,22
SHEA.WEBER,20152016,30
LEON.DRAISAITL,20152016,20
LEE.STEMPNIAK,20152016,32
MIKKEL.BOEDKER,20152016,26
DREW.DOUGHTY,20152016,26
CARL.SODERBERG,20152016,30
RYAN.SUTER,20152016,31
P.K..SUBBAN,20152016,26
ADAM.HENRIQUE,20152016,25
REILLY.SMITH,20152016,24
HENRIK.ZETTERBERG,20152016,35
MIKE.RIBEIRO,20152016,35
BOONE.JENNER,20152016,22
SCOTT.HARTNELL,20152016,33
PAVEL.DATSYUK,20152016,37
BRENT.SEABROOK,20152016,30
TYSON.BARRIE,20152016,24
RYAN.SPOONER,20152016,24
PAUL.STASTNY,20152016,30
PATRICK.MARLEAU,20152016,36
VICTOR.RASK,20152016,22
JORDAN.STAAL,20152016,27
BRANDON.DUBINSKY,20152016,29
CONNOR.MCDAVID,20152016,19
SHANE.DOAN,20152016,39
JORDAN.EBERLE,20152016,25
JAROME.IGINLA,20152016,38
MIKAEL.BACKLUND,20152016,26
VICTOR.HEDMAN,20152016,25
KEITH.YANDLE,20152016,29
ANDREW.LADD,20152016,30
TOMAS.HERTL,20152016,22
SHAYNE.GOSTISBEHERE,20152016,22
MARCUS.JOHANSSON,20152016,25
JIRI.HUDLER,20152016,32
DYLAN.LARKIN,20152016,19
DAVID.BACKES,20152016,31
TOMAS.TATAR,20152016,25
NAZEM.KADRI,20152016,25
TJ.BRODIE,20152016,25
ANTHONY.DUCLAIR,20152016,20
JOE.COLBORNE,20152016,26
KEVIN.SHATTENKIRK,20152016,27
MIKAEL.GRANLUND,20152016,23
ANDREI.MARKOV,20152016,37
TOREY.KRUG,20152016,24
J.T..MILLER,20152016,22
CHRIS.KREIDER,20152016,24
JOEL.WARD,20152016,35
NINO.NIEDERREITER,20152016,23
RICKARD.RAKELL,20152016,22
JEAN-GABRIEL.PAGEAU,20152016,23
GUSTAV.NYQUIST,20152016,26
TEDDY.PURCELL,20152016,30
DOUGIE.HAMILTON,20152016,22
DUNCAN.KEITH,20152016,32
SAM.REINHART,20152016,20
CHARLIE.COYLE,20152016,23
ARTEM.ANISIMOV,20152016,27
JUSTIN.ABDELKADER,20152016,28
BRYAN.LITTLE,20152016,28
TRAVIS.ZAJAC,20152016,30
PIERRE-ALEX.PARENTEAU,20152016,32
THOMAS.VANEK,20152016,32
MARTIN.HANZAL,20152016,28
MATHIEU.PERREAULT,20152016,28
RASMUS.RISTOLAINEN,20152016,21
BROCK.NELSON,20152016,24
JASON.CHIMERA,20152016,36
BRENDAN.GALLAGHER,20152016,23
CHRIS.KUNITZ,20152016,36
BO.HORVAT,20152016,20
ONDREJ.PALAT,20152016,24
ALEX.KILLORN,20152016,26
JAKE.MUZZIN,20152016,26
ALEX.WENNBERG,20152016,21
NICK.LEDDY,20152016,24
JAMIE.MCGINN,20152016,27
JAKOB.SILFVERBERG,20152016,25
TROY.BROUWER,20152016,30
CARL.HAGELIN,20152016,27
ALES.HEMSKY,20152016,32
ERIC.STAAL,20152016,31
SEAN.COUTURIER,20152016,23
ELIAS.LINDHOLM,20152016,21
JOHN.CARLSON,20152016,26
MARC-EDOUARD.VLASIC,20152016,28
JANNIK.HANSEN,20152016,29
DREW.STAFFORD,20152016,30
ANDRE.BURAKOVSKY,20152016,20
ANTOINE.VERMETTE,20152016,33
NIKOLAJ.EHLERS,20152016,19
KRIS.VERSTEEG,20152016,29
MIKE.CAMMALLERI,20152016,33
TYLER.JOHNSON,20152016,25
SAMI.VATANEN,20152016,24
CRAIG.SMITH,20152016,26
ROBBY.FABBRI,20152016,20
JUSTIN.FAULK,20152016,23
MATT.BELESKEY,20152016,27
TOBIAS.RIEDER,20152016,23
NICK.FOLIGNO,20152016,28
ZDENO.CHARA,20152016,38
ALEX.PIETRANGELO,20152016,26
ALEX.GOLIGOSKI,20152016,30
ZACK.SMITH,20152016,27
LEO.KOMAROV,20152016,29
SAM.BENNETT,20152016,19
LOGAN.COUTURE,20152016,26
AARON.EKBLAD,20152016,19
ANDERS.LEE,20152016,25
RICK.NASH,20152016,31
TANNER.PEARSON,20152016,23
KEVIN.HAYES,20152016,23
BENOIT.POULIOT,20152016,29
BLAKE.COMEAU,20152016,29
DAVID.PERRON,20152016,27
JOONAS.DONSKOI,20152016,23
JASON.POMINVILLE,20152016,33
MORGAN.RIELLY,20152016,21
MICHAEL.STONE,20152016,25
EVANDER.KANE,20152016,24
CODY.EAKIN,20152016,24
VLADISLAV.NAMESTNIKOV,20152016,23
TEUVO.TERAVAINEN,20152016,21
TYLER.BOZAK,20152016,29
MATTIAS.EKHOLM,20152016,25
ALEX.TANGUAY,20152016,36
MIKE.GREEN,20152016,30
NICK.BJUGSTAD,20152016,23
ERIK.HAULA,20152016,24
ANDREW.SHAW,20152016,24
RYAN.NUGENT-HOPKINS,20152016,22
JORI.LEHTERA,20152016,28
RYAN.MCDONAGH,20152016,26
ANTON.STRALMAN,20152016,29
FRANCOIS.BEAUCHEMIN,20152016,35
MARIAN.HOSSA,20152016,37
BRIAN.GIONTA,20152016,37
COLTON.PARAYKO,20152016,22
MATT.CULLEN,20152016,39
MICHAEL.FROLIK,20152016,27
JOSH.BAILEY,20152016,26
RYAN.ELLIS,20152016,25
ANDREW.COGLIANO,20152016,28
MATT.NISKANEN,20152016,29
DION.PHANEUF,20152016,30
MICHAEL.RAFFL,20152016,27
BRAD.RICHARDSON,20152016,30
ALEC.MARTINEZ,20152016,28
VALTTERI.FILPPULA,20152016,31
JAKE.GARDINER,20152016,25
BRIAN.CAMPBELL,20152016,36
SETH.JONES,20152016,21
CALLE.JARNKROK,20152016,24
KYLE.TURRIS,20152016,26
JESPER.FAST,20152016,24
CASEY.CIZIKAS,20152016,24
ANDREJ.SEKERA,20152016,29
MATTIAS.JANMARK,20152016,23
BRANDON.PIRRI,20152016,24
JAMES.VAN RIEMSDYK,20152016,26
JIMMY.HAYES,20152016,26
ANTOINE.ROUSSEL,20152016,26
DAVID.DESHARNAIS,20152016,29
JARED.SPURGEON,20152016,26
NICK.BONINO,20152016,27
VALERI.NICHUSHKIN,20152016,20
DMITRY.ORLOV,20152016,24
SVEN.BAERTSCHI,20152016,23
OSCAR.LINDBERG,20152016,24
SHAWN.MATTHIAS,20152016,27
DUSTIN.BROWN,20152016,31
RYAN.CALLAHAN,20152016,30
HAMPUS.LINDHOLM,20152016,22
BRAD.RICHARDS,20152016,35
RYAN.STROME,20152016,22
TREVOR.DALEY,20152016,32
CAM.FOWLER,20152016,24
DALE.WEISE,20152016,27
RADIM.VRBATA,20152016,34
PATRICK.MAROON,20152016,27
ERIK.JOHNSON,20152016,27
PETER.HOLLAND,20152016,25
TYLER.MYERS,20152016,25
MIKHAIL.GRIGORENKO,20152016,21
DAVID.PASTRNAK,20152016,19
LARS.ELLER,20152016,26
DARREN.HELM,20152016,29
MATT.READ,20152016,29
CODY.CECI,20152016,22
MATT.DUMBA,20152016,21
KEVIN.KLEIN,20152016,31
NIKLAS.KRONWALL,20152016,35
TOMAS.FLEISCHMANN,20152016,31
RILEY.SHEAHAN,20152016,24
DEVANTE.SMITH-PELLY,20152016,23
MARK.LETESTU,20152016,30
JOHNNY.BOYCHUK,20152016,32
BRETT.CONNOLLY,20152016,23
MIKHAIL.GRABOVSKI,20152016,32
RYAN.MURRAY,20152016,22
DAVID.SAVARD,20152016,25
BEN.HUTTON,20152016,22
MATT.CALVERT,20152016,26
DAN.BOYLE,20152016,39
JOAKIM.NORDSTROM,20152016,23
JORDAN.MARTINOOK,20152016,23
BRAD.BOYES,20152016,33
ZACH.BOGOSIAN,20152016,25
COLIN.WILSON,20152016,26
NIKLAS.HJALMARSSON,20152016,28
CAL.CLUTTERBUCK,20152016,28
MIKE.FISHER,20152016,35
JASON.ZUCKER,20152016,24
COLTON.SCEVIOUR,20152016,26
MARCUS.FOLIGNO,20152016,24
ANDREJ.NESTRASIL,20152016,24
NAIL.YAKUPOV,20152016,22
JASON.DEMERS,20152016,27
TOM.WILSON,20152016,21
MARK.STREIT,20152016,38
JUSTIN.BRAUN,20152016,28
VERNON.FIDDLER,20152016,35
MARIAN.GABORIK,20152016,33
LAURI.KORPIKOSKI,20152016,29
ALEX.BURROWS,20152016,34
NIKOLAY.KULEMIN,20152016,29
RILEY.NASH,20152016,26
J.T..BROWN,20152016,25
JADEN.SCHWARTZ,20152016,23
NICK.HOLDEN,20152016,28
NOAH.HANIFIN,20152016,19
JOHN.MITCHELL,20152016,31
LUKE.GLENDENING,20152016,26
MATT.MOULSON,20152016,32
ALEX.BURMISTROV,20152016,24
SCOTT.LAUGHTON,20152016,21
JOHN-MICHAEL.LILES,20152016,35
JACOB.TROUBA,20152016,21
TRAVIS.HAMONIC,20152016,25
MARCO.SCANDELLA,20152016,25
KARL.ALZNER,20152016,27
JOHNNY.ODUYA,20152016,34
ANDREJ.SUSTR,20152016,25
DAMON.SEVERSON,20152016,21
BRIAN.BOYLE,20152016,31
WILLIAM.KARLSSON,20152016,23
VIKTOR.STALBERG,20152016,30
DANNY.DEKEYSER,20152016,25
CHRIS.STEWART,20152016,28
CHRIS.TIERNEY,20152016,21
ALEX.EDLER,20152016,29
CURTIS.LAZAR,20152016,20
PAUL.MARTIN,20152016,34
JACCOB.SLAVIN,20152016,21
TORREY.MITCHELL,20152016,31
MELKER.KARLSSON,20152016,25
MATT.MARTIN,20152016,26
REID.BOUCHER,20152016,22
OLLI.MAATTA,20152016,21
DAVID.SCHLEMKO,20152016,28
DANIEL.WINNIK,20152016,30
RON.HAINSEY,20152016,34
JOHN.MOORE,20152016,25
KRIS.RUSSELL,20152016,28
JAY.BOUWMEESTER,20152016,32
NATHAN.BEAULIEU,20152016,23
DENNIS.WIDEMAN,20152016,32
PAUL.BYRON,20152016,26
DAVID.JONES,20152016,31
VINCENT.LECAVALIER,20152016,35
MICHAEL.GRABNER,20152016,28
JARED.MCCANN,20152016,19
MIKE.SANTORELLI,20152016,30
ZEMGUS.GIRGENSONS,20152016,22
JONATHAN.MARCHESSAULT,20152016,25
TOMMY.WINGELS,20152016,27
MATT.BARTKOWSKI,20152016,27
KEVAN.MILLER,20152016,28
MICHEAL.FERLAND,20152016,23
JUSTIN.SCHULTZ,20152016,25
CHRIS.TANEV,20152016,26
ADAM.LARSSON,20152016,23
PATRICK.EAVES,20152016,31
JOHAN.LARSSON,20152016,23
JAY.BEAGLE,20152016,30
MATT.NIETO,20152016,23
SVEN.ANDRIGHETTO,20152016,22
PHILLIP.DI GIUSEPPE,20152016,22
ADAM.LOWRY,20152016,22
THOMAS.HICKEY,20152016,26
CONNOR.MURPHY,20152016,22
SHANE.PRINCE,20152016,23
MATT.STAJAN,20152016,32
JOSEPH.BLANDISI,20152016,21
KEVIN.CONNAUTON,20152016,25
CODY.FRANSON,20152016,28
DAN.GIRARDI,20152016,31
ALEX.PETROVIC,20152016,23
DMITRY.KULIKOV,20152016,25
RYAN.WHITE,20152016,27
VIKTOR.ARVIDSSON,20152016,22
SAM.GAGNER,20152016,26
TREVOR.LEWIS,20152016,29
MILAN.MICHALEK,20152016,31
DEREK.DORSETT,20152016,29
JUSTIN.FONTAINE,20152016,28
JEFF.PETRY,20152016,28
BRETT.PESCE,20152016,21
LUKE.SCHENN,20152016,26
MAREK.ZIDLICKY,20152016,38
TYLER.KENNEDY,20152016,29
COLIN.MILLER,20152016,23
CALVIN.DE HAAN,20152016,24
TOBIAS.ENSTROM,20152016,31
NATE.SCHMIDT,20152016,24
ROMAN.POLAK,20152016,29
BRIAN.DUMOULIN,20152016,24
PATRIK.BERGLUND,20152016,27
SERGEY.KALININ,20152016,24
EMERSON.ETEM,20152016,23
COLIN.GREENING,20152016,29
SHAWN.HORCOFF,20152016,37
DOMINIC.MOORE,20152016,35
TOM.KUHNHACKL,20152016,24
JOSH.MANSON,20152016,24
KEVIN.BIEKSA,20152016,34
LINDEN.VEY,20152016,24
JONATHAN.ERICSSON,20152016,31
BRENDAN.SMITH,20152016,26
MARC.STAAL,20152016,29
JOFFREY.LUPUL,20152016,32
ANDREAS.ATHANASIOU,20152016,21
ALEX.CHIASSON,20152016,25
ERIC.FEHR,20152016,30
JACK.SKILLE,20152016,28
PIERRE-EDOUARD.BELLEMARE,20152016,30
RYAN.GARBUTT,20152016,30
JACK.JOHNSON,20152016,29
SCOTTIE.UPSHALL,20152016,32
RADKO.GUDAS,20152016,25
DAVID.LEGWAND,20152016,35
JACOB.JOSEFSON,20152016,24
JAKE.MCCABE,20152016,22
TREVOR.VAN RIEMSDYK,20152016,24
BROOKS.LAICH,20152016,32
BRAYDEN.MCNABB,20152016,25
CHRIS.VANDEVELDE,20152016,28
ERIK.GUSTAFSSON,20152016,23
ANDREW.DESJARDINS,20152016,29
CODY.MCLEOD,20152016,31
ANDREW.COPP,20152016,21
DWIGHT.KING,20152016,26
JAKE.VIRTANEN,20152016,19
DEREK.MACKENZIE,20152016,34
WILLIAM.NYLANDER,20152016,19
CHRIS.WIDEMAN,20152016,26
CHRIS.NEIL,20152016,36
IIRO.PAKARINEN,20152016,24
MICHAEL.DEL ZOTTO,20152016,25
ANDY.GREENE,20152016,33
DMITRIJ.JASKIN,20152016,22
JOSH.JOORIS,20152016,25
DAN.HAMHUIS,20152016,33
NICK.SPALING,20152016,27
MICHAL.ROZSIVAL,20152016,37
RYAN.CARTER,20152016,32
BEAU.BENNETT,20152016,24
NICOLAS.DESLAURIERS,20152016,24
TEEMU.PULKKINEN,20152016,24
CHRIS.THORBURN,20152016,32
RADEK.FAKSA,20152016,22
MATT.HENDRICKS,20152016,34
MARC.METHOT,20152016,30
KYLE.CHIPCHURA,20152016,29
OSCAR.KLEFBOM,20152016,22
EVGENY.MEDVEDEV,20152016,33
JORDIE.BENN,20152016,28
DERYK.ENGELLAND,20152016,33
CHRISTIAN.EHRHOFF,20152016,33
JOSH.GORGES,20152016,31
JYRKI.JOKIPAKKA,20152016,24
DENNIS.SEIDENBERG,20152016,34
IAN.COLE,20152016,26
ALEXEI.EMELIN,20152016,29
CHRIS.TERRY,20152016,26
FRANK.VATRANO,20152016,21
KYLE.BRODZIAK,20152016,31
ERIK.CONDRA,20152016,29
NICK.COUSINS,20152016,22
QUINTON.HOWDEN,20152016,24
CEDRIC.PAQUETTE,20152016,22
JASON.GARRISON,20152016,31
BRANDON.DAVIDSON,20152016,24
ANDREAS.MARTINSEN,20152016,25
KYLE.QUINCEY,20152016,30
BRYAN.RUST,20152016,23
GREGORY.CAMPBELL,20152016,32
TYLER.ENNIS,20152016,26
JAY.MCCLEMENT,20152016,32
BRENDEN.DILLON,20152016,25
ALEXEY.MARCHENKO,20152016,24
R.J..UMBERGER,20152016,33
STEPHEN.GIONTA,20152016,32
MARK.PYSYK,20152016,24
ANDY.ANDREOFF,20152016,24
BOBBY.FARNHAM,20152016,27
CONOR.SHEARY,20152016,23
MARKUS.GRANLUND,20152016,22
ADAM.CRACKNELL,20152016,30
MARKO.DA?O,20152016,21
LANDON.FERRARO,20152016,24
MIIKKA.SALOMAKI,20152016,22
JOEL.ARMIA,20152016,22
PHILLIP.DANAULT,20152016,22
JONATHAN.DROUIN,20152016,20
BRIAN.FLYNN,20152016,27
BEN.LOVEJOY,20152016,31
DARNELL.NURSE,20152016,20
BROOKS.ORPIK,20152016,35
NICK.SHORE,20152016,23
AUSTIN.WATSON,20152016,24
MARK.BARBERIO,20152016,25
MATT.HUNWICK,20152016,30
BEN.CHIAROT,20152016,24
BRAYDON.COBURN,20152016,30
NICK.SCHULTZ,20152016,33
RYAN.MURPHY,20152016,22
ROB.SCUDERI,20152016,37
DANIEL.CARR,20152016,24
BRANDON.SUTTER,20152016,26
DENNIS.RASMUSSEN,20152016,25
JARRET.STOLL,20152016,33
JORDIN.TOOTOO,20152016,32
KYLE.CLIFFORD,20152016,25
RYAN.DZINGEL,20152016,23
CARL.GUNNARSSON,20152016,29
NIKITA.NESTEROV,20152016,22
MAGNUS.PAAJARVI,20152016,24
DALTON.PROUT,20152016,25
MATT.CARLE,20152016,31
ERIK.GUDBRANSON,20152016,24
JAMIE.MCBAIN,20152016,27
KERBY.RYCHEL,20152016,21
JOEL.EDMUNDSON,20152016,22
SCOTT.GOMEZ,20152016,36
ADAM.MCQUAID,20152016,29
RICHARD.PANIK,20152016,24
OLIVER.BJORKSTRAND,20152016,20
RENE.BOURQUE,20152016,34
CODY.HODGSON,20152016,25
ZACK.KASSIAN,20152016,25
SHEA.THEODORE,20152016,20
KLAS.DAHLBECK,20152016,24
PATRIK.ELIAS,20152016,39
JAKUB.KINDL,20152016,28
LUCA.SBISA,20152016,26
CODY.GOLOUBEF,20152016,26
ANDREW.MACDONALD,20152016,29
PATRIK.NEMETH,20152016,23
ERIC.NYSTROM,20152016,32
LOGAN.SHAW,20152016,24
TANNER.GLASS,20152016,32
CHRIS.PORTER,20152016,31
NATHAN.GERBE,20152016,28
NICKLAS.GROSSMANN,20152016,31
MICHAEL.LATTA,20152016,24
CAL.O'REILLY,20152016,29
DAINIUS.ZUBRUS,20152016,37
LANCE.BOUMA,20152016,25
JONAS.BRODIN,20152016,22
MARK.FAYNE,20152016,28
CORBAN.KNIGHT,20152016,25
ZBYNEK.MICHALEK,20152016,33
MAX.TALBOT,20152016,31
ZACH.TROTMAN,20152016,25
ADAM.CLENDENING,20152016,23
BRANDON.MANNING,20152016,25
MARTIN.MARINCIN,20152016,23
WILLIE.MITCHELL,20152016,38
JOE.MORROW,20152016,23
GREG.PATERYN,20152016,25
BRANDON.PRUST,20152016,31
MIKE.REILLY,20152016,22
ALEX.BIEGA,20152016,27
DERRICK.POULIOT,20152016,22
YANNICK.WEBER,20152016,27
TYLER.RANDELL,20152016,24
SCOTT.WILSON,20152016,23
ZACH.HYMAN,20152016,23
TOMAS.JURCO,20152016,23
TY.RATTIE,20152016,22
COLTON.SISSONS,20152016,22
CHRIS.WAGNER,20152016,24
STEVE.DOWNIE,20152016,28
NATE.THOMPSON,20152016,31
VIKTOR.TIKHONOV,20152016,27
STEFAN.ELLIOTT,20152016,25
PAUL.GAUSTAD,20152016,33
BRAD.MALONE,20152016,26
NIC.PETAN,20152016,20
ZACH.REDMOND,20152016,27
BEN.SMITH,20152016,27
STEVE.BERNIER,20152016,30
ANTHONY.BITETTO,20152016,25
CONNOR.BROWN,20152016,22
TAYLOR.CHORNEY,20152016,28
FRANK.CORRADO,20152016,22
ERIC.GELINAS,20152016,24
ERIC.GRYBA,20152016,27
JIRI.SEKAC,20152016,23
CLAYTON.STONER,20152016,30
BRIAN.STRAIT,20152016,28
JOEL.HANLEY,20152016,24
JOSH.LEIVO,20152016,22
BRANDON.MASHINTER,20152016,27
MASON.RAYMOND,20152016,30
MIKE.BLUNDEN,20152016,29
ROCCO.GRIMALDI,20152016,22
MIKE.BROWN,20152016,30
BYRON.FROESE,20152016,24
JOONAS.KEMPPAINEN,20152016,27
JAKUB.NAKLADAL,20152016,28
NICK.PAUL,20152016,20
MIKE.RICHARDS,20152016,30
NIKITA.SOSHNIKOV,20152016,22
DAVE.BOLLAND,20152016,29
CONNOR.BRICKLEY,20152016,23
CARLO.COLAIACOVO,20152016,33
DARREN.DIETZ,20152016,22
BARRET.JACKMAN,20152016,34
JON.MERRILL,20152016,23
ANTHONY.PELUSO,20152016,26
SHAWN.THORNTON,20152016,38
MIKE.WEBER,20152016,28
JORDAN.NOLAN,20152016,26
JORDAN.OESTERLE,20152016,23
PATRICK.WIERCIOCH,20152016,25
MARK.ARCOBELLO,20152016,27
CHRIS.HIGGINS,20152016,32
BROCK.MCGINN,20152016,21
RYAN.REAVES,20152016,29
MIKE.SISLO,20152016,28
BRANDON.BOLLIG,20152016,29
CONNOR.CARRICK,20152016,21
DAVID.CLARKSON,20152016,31
DYLAN.DEMELO,20152016,22
PASCAL.DUPUIS,20152016,36
BOYD.GORDON,20152016,32
MAX.MCCORMICK,20152016,23
DYLAN.MCILRATH,20152016,23
RYAN.PULOCK,20152016,21
NICK.RITCHIE,20152016,20
JORDAN.SCHROEDER,20152016,25
VIKTOR.SVEDBERG,20152016,24
JIRI.TLUSTY,20152016,27
JOSH.ANDERSON,20152016,21
GABRIEL.BOURQUE,20152016,25
DAVE.DZIURZYNSKI,20152016,26
ALEX.SEMIN,20152016,31
OSKAR.SUNDQVIST,20152016,21
MATT.TENNYSON,20152016,25
ANDREW.BODNARCHUK,20152016,27
RICH.CLUNE,20152016,28
JARED.COWEN,20152016,25
SIMON.DESPRES,20152016,24
JUSTIN.FALK,20152016,27
CHRISTIAN.FOLIN,20152016,24
STEVEN.KAMPFER,20152016,27
MARCUS.KRUGER,20152016,25
CASEY.NELSON,20152016,23
ADAM.PARDY,20152016,31
ROBERT.BORTUZZO,20152016,26
ANTHONY.MANTHA,20152016,21
MATT.PUEMPEL,20152016,23
HUNTER.SHINKARUK,20152016,21
JOAKIM.ANDERSSON,20152016,26
CHRIS.BIGRAS,20152016,20
JARED.BOLL,20152016,29
TYLER.GAUDET,20152016,22
STEPHEN.JOHNS,20152016,23
TANNER.KERO,20152016,23
ANTON.LANDER,20152016,24
BRENDAN.LEIPSIC,20152016,21
MICHAEL.MERSCH,20152016,23
ZAC.RINALDO,20152016,25
TIM.SCHALLER,20152016,25
MARK.STUART,20152016,31
FEDOR.TYUTIN,20152016,32
PHILIP.VARONE,20152016,25
STANISLAV.GALIEV,20152016,24
BARCLAY.GOODROW,20152016,22
MATT.HALISCHUK,20152016,27
GARNET.HATHAWAY,20152016,24
KORBINIAN.HOLZER,20152016,27
SCOTT.KOSMACHUK,20152016,22
SERGEI.PLOTNIKOV,20152016,25
KEVIN.PORTER,20152016,29
NATE.PROSSER,20152016,29
CHRIS.KELLY,20152016,35
GREG.MCKEGG,20152016,23
PAUL.POSTMA,20152016,26
DEREK.RYAN,20152016,29
DANIEL.SPRONG,20152016,18
MARK.BOROWIECKI,20152016,26
PATRICK.BROWN,20152016,23
MICHAEL.CHAPUT,20152016,23
HUDSON.FASCHING,20152016,20
DEREK.FORBORT,20152016,23
TOM.GILBERT,20152016,33
NIKOLAY.GOLDOBIN,20152016,20
FREDDIE.HAMILTON,20152016,24
DUSTIN.JEFFREY,20152016,27
LUCAS.LESSIO,20152016,23
STEFAN.MATTEAU,20152016,21
MICHAEL.MCCARRON,20152016,20
JAYSON.MEGNA,20152016,25
DREW.MILLER,20152016,31
BLAKE.PIETILA,20152016,22
BUDDY.ROBINSON,20152016,24
EVAN.RODRIGUES,20152016,22
NIKITA.TRYAMKIN,20152016,21
DAVID.WARSOFSKY,20152016,25
ANDREW.AGOZZINO,20152016,25
BRYAN.BICKELL,20152016,29
FREDRIK.CLAESSON,20152016,23
PETTER.GRANBERG,20152016,23
CHARLES.HUDON,20152016,21
JUJHAR.KHAIRA,20152016,21
TOBIAS.LINDBERG,20152016,20
VIKTOR.LOOV,20152016,23
TRAVIS.MOEN,20152016,33
AARON.NESS,20152016,25
BRIAN.O'NEILL,20152016,27
JAMIE.OLEKSIAK,20152016,23
STEVE.OTT,20152016,33
ADAM.PELECH,20152016,21
DAVID.RUNDBLAD,20152016,25
CHRISTIAN.THOMAS,20152016,23
PAVEL.ZACHA,20152016,18
NIKITA.ZADOROV,20152016,20
MIKE.ANGELIDIS,20152016,30
TJ.BRENNAN,20152016,26
PAUL.CAREY,20152016,27
ZAC.DALPE,20152016,26
LAURENT.DAUPHIN,20152016,20
JASON.DICKINSON,20152016,20
KEVIN.FIALA,20152016,19
BRENDAN.GAUNCE,20152016,21
LUKE.GAZDIC,20152016,26
MICHEAL.HALEY,20152016,29
MARTIN.HAVLAT,20152016,34
MICHAL.JORDAN,20152016,25
ROB.KLINKHAMMER,20152016,29
SCOTT.MAYFIELD,20152016,23
COLIN.MCDONALD,20152016,31
ALAN.QUINE,20152016,22
PATRICK.SIELOFF,20152016,21
ZACH.SILL,20152016,27
NOEL.ACCIARI,20152016,24
ANDREW.CAMPBELL,20152016,27
TOMMY.CROSS,20152016,26
CRAIG.CUNNINGHAM,20152016,25
JACOB.DE LA ROSE,20152016,20
TURNER.ELSON,20152016,23
TAYLOR.FEDUN,20152016,27
JOHAN.FRANZEN,20152016,36
FREDERIK.GAUTHIER,20152016,20
BRANDON.GORMLEY,20152016,23
YANNI.GOURDE,20152016,24
DEREK.GRANT,20152016,25
SETH.GRIFFITH,20152016,23
BEN.HARPUR,20152016,21
SCOTT.HARRINGTON,20152016,22
RYAN.HARTMAN,20152016,21
SETH.HELGESON,20152016,25
MAREK.HRIVIK,20152016,24
BRACKEN.KEARNS,20152016,34
SLATER.KOEKKOEK,20152016,21
MICHAEL.KOSTKA,20152016,30
JC.LIPON,20152016,22
SONNY.MILANO,20152016,19
NIKITA.NIKITIN,20152016,29
DYLAN.OLSEN,20152016,25
XAVIER.OUELLET,20152016,22
GRIFFIN.REINHART,20152016,22
BRETT.RITCHIE,20152016,22
TUOMO.RUUTU,20152016,32
JOHN.SCOTT,20152016,33
TOM.SESTITO,20152016,28
DREW.SHORE,20152016,25
DOMINIK.SIMON,20152016,21
ANTON.SLEPYSHEV,20152016,21
SERGEY.TOLCHINSKY,20152016,20
JOEL.VERMIN,20152016,23
TYLER.WOTHERSPOON,20152016,22
MICHAEL.ZALEWSKI,20152016,23
KENNY.AGOSTINO,20152016,23
JOSH.ARCHIBALD,20152016,23
JUSTIN.BAILEY,20152016,20
VICTOR.BARTLEY,20152016,27
CODY.BASS,20152016,29
KYLE.BAUN,20152016,23
TAYLOR.BECK,20152016,24
ANDRE.BENOIT,20152016,32
CHRISTOPH.BERTSCHY,20152016,21
ERIC.BOULTON,20152016,39
CHRIS.BROWN,20152016,24
BRETT.BULMER,20152016,23
CHRIS.BUTLER,20152016,29
JORDAN.CARON,20152016,25
RYAN.CARPENTER,20152016,25
SAM.CARRICK,20152016,23
TREVOR.CARRICK,20152016,21
DANIEL.CATENACCI,20152016,22
SEAN.COLLINS,20152016,27
PATRICE.CORMIER,20152016,25
CHASE.DE LEO,20152016,20
NIC.DOWD,20152016,25
MORGAN.ELLIS,20152016,23
DENNIS.EVERBERG,20152016,24
ANDREW.FERENCE,20152016,36
MAX.FRIBERG,20152016,23
ALEX.FRIESEN,20152016,25
KURTIS.GABRIEL,20152016,22
MARC-ANDRE.GRAGNANI,20152016,28
ALEX.GRANT,20152016,27
TYLER.GRAOVAC,20152016,22
KEVIN.GRAVEL,20152016,23
MATT.GREENE,20152016,32
ALEX.GRENIER,20152016,24
NATE.GUENIN,20152016,33
MARKUS.HANNIKAINEN,20152016,22
VINCENT.HINOSTROZA,20152016,21
BUD.HOLLOWAY,20152016,27
BRAD.HUNT,20152016,27
MATT.IRWIN,20152016,28
TIM.JACKMAN,20152016,34
ROSS.JOHNSTON,20152016,21
RYAN.JOHNSTON,20152016,23
KASPERI.KAPANEN,20152016,19
RONALDS.KENINS,20152016,24
MICHAEL.KERÄNEN,20152016,26
ALEX.KHOKHLACHEV,20152016,22
DEAN.KUKAN,20152016,22
BRETT.KULAK,20152016,22
OLIVER.KYLINGTON,20152016,18
TAYLOR.LEIER,20152016,21
BRYAN.LERG,20152016,30
BRETT.LERNOUT,20152016,20
PETTERI.LINDBOHM,20152016,22
ESA.LINDELL,20152016,21
CLARKE.MACARTHUR,20152016,30
MICHAEL.MATHESON,20152016,21
JOHN.MCCARTHY,20152016,29
JOHN.MCFARLAND,20152016,23
TYE.MCGINN,20152016,25
CURTIS.MCKENZIE,20152016,24
MARK.MCNEILL,20152016,22
JULIAN.MELCHIORI,20152016,24
ANDREW.MILLER,20152016,27
JOSH.MORRISSEY,20152016,20
KAEL.MOUILLIERAT,20152016,28
VOJTECH.MOZIK,20152016,23
MIRCO.MUELLER,20152016,20
STEFAN.NOESEN,20152016,22
TOMAS.NOSEK,20152016,23
JIM.OBRIEN,20152016,27
GUSTAV.OLOFSSON,20152016,21
DANIEL.PAILLE,20152016,31
MICHAEL.PALIOTTA,20152016,22
ANDREY.PEDAN,20152016,22
STUART.PERCY,20152016,22
EMILE.POIRIER,20152016,21
COREY.POTTER,20152016,32
JOHN.RAMAGE,20152016,24
MIKKO.RANTANEN,20152016,19
KYLE.RAU,20152016,23
BRENT.REGNER,20152016,26
BORNA.RENDULIC,20152016,23
CHAD.RUHWEDEL,20152016,25
PHILIP.SAMUELSSON,20152016,24
STEVEN.SANTINI,20152016,20
COLE.SCHNEIDER,20152016,25
JEFF.SCHULTZ,20152016,29
ERIC.SELLECK,20152016,28
MICHAEL.SGARBOSSA,20152016,23
DEVIN.SHORE,20152016,21
BRADY.SKJEI,20152016,21
LADISLAV.SMID,20152016,29
RYAN.STANTON,20152016,26
CHANDLER.STEPHENSON,20152016,21
TYSON.STRACHAN,20152016,31
BEN.STREET,20152016,28
BRAD.STUART,20152016,36
CHRIS.SUMMERS,20152016,27
BRODY.SUTTER,20152016,24
BRANDON.TANEV,20152016,24
ERIC.TANGRADI,20152016,26
MATT.TAORMINA,20152016,29
PAUL.THOMPSON,20152016,27
JARRED.TINORDI,20152016,23
RINAT.VALIEV,20152016,20
JOE.VITALE,20152016,30
JORDAN.WEAL,20152016,23
JEREMY.WELSH,20152016,27
GARRETT.WILSON,20152016,24
JAMES.WISNIEWSKI,20152016,31
LUKE.WITKOWSKI,20152016,25
MILES.WOOD,20152016,20
BRENDAN.WOODS,20152016,23
HARRY.ZOLNIERCZYK,20152016,28
MARKO.DANO,20152016,21
